evento_nome,data_evento,material_titulo,url,tipo,palestrante_nome,tags,descricao
Oficinas,,Materiais das Oficinas,https://drive.google.com/drive/folders/1tdEfeUWN49Btqpif6ReWbSFmisacfibe,link,,oficina,
Fluxo Online - Time VTSD 2023,2023-01-01,Materiais Fluxo Online - Time VTSD 2023,https://drive.google.com/drive/folders/1aCqXdCXNeYz5CJb5_MLKWaI9Ul1rzB6y,link,,fluxo-online;time-vtsd,
Fluxo Online - 3/23,2023-03-01,Materiais Fluxo Online 3/23,https://drive.google.com/drive/folders/1B3dXGR1Iw-wWYhLoiCZeB4-iSa8DqTS5,link,,fluxo-online,
Black Friday 2023,2023-11-01,Materiais Black Friday 2023,https://drive.google.com/drive/folders/1b8yig6uCh-PYTL02DMljY1SerVULRbat?usp=sharing,link,,black-friday,
Fluxo Festival 2024,2024-01-01,Materiais Fluxo Festival 2024,https://drive.google.com/drive/folders/1BDqpXPOPrY1NaAHbQ0hwlLX8_eUqQqfg,link,,festival,
Fluxo Festival 2024 - Pro e Master,2024-01-01,Materiais Fluxo Festival 2024 - Pro e Master,https://drive.google.com/drive/folders/1n0Yfs0GnGk83MXxt66VDcMrOYK1REB8z,link,,festival;pro-master,
Fluxo Online 2024,2024-01-01,Materiais Fluxo Online 2024,https://drive.google.com/drive/folders/1IK2VHbZJJ_eaBChXn_zcU3CUm0L5_hVf?usp=sharing,link,,fluxo-online,
Retiro CDP 2024,2024-01-01,Retiro CDP 2024,https://drive.google.com/drive/folders/15_9W-I78yXMapUBstzlyFi30MmFVytfA?usp=drive_link,link,,retiro;cdp,
Fluxo CrIAtivo - 2/24,2024-02-01,Materiais Fluxo CrIAtivo 2/24,https://drive.google.com/drive/folders/1VnjW3MrXgT2ok7TMk2o3ZQIOSArV9MzN,link,,criativo;ia,
Retiro Black Friday 2024,2024-11-01,Materiais Retiro Black Friday 2024,https://drive.google.com/drive/folders/1v-DKRv4q2-QLPPjRn4tKajlNoloUd9Fz,link,,retiro;black-friday,
Retiro Caixa Rápido 2024,2024-01-01,Materiais Retiro Caixa Rápido 2024,https://drive.google.com/drive/folders/1nAEsQrCBTBYm6p36pq1vGawF0T2gf6X3?usp=sharing,link,,retiro;caixa-rapido,
Fluxo Copia e Cola - 3/24,2024-03-01,Materiais Fluxo Copia e Cola - 3/24,https://drive.google.com/drive/folders/1w9a_J5P3uioBXENvIVlRBDEMdqG-qcbv?usp=drive_link,link,,copia-e-cola,
Oficina Puro Lucro,,Material 1 - Oficina Puro Lucro,https://docs.google.com/document/d/1a3cNavyAUZDORoQgJmW-0r4zaEb5eFe0l8Y5J9xlJo8/edit?tab=t.0,link,,oficina;puro-lucro,
Oficina Puro Lucro,,Material 2 - Oficina Puro Lucro,https://drive.google.com/file/d/1Y-3y4UA2k4jXc41l7jP2WSH8QJmdOnC-/view,link,,oficina;puro-lucro,
Retiro Caixa Rápido 2025,2025-01-01,Materiais Retiro Caixa Rápido 2025,https://drive.google.com/drive/folders/19ny-Xr_cfF_pPmEl82kzQfsE9OKcTYWC,link,,retiro;caixa-rapido,
Fluxo CrIAtivo 01/2025,2025-01-01,Materiais Fluxo CrIAtivo 01/2025,https://drive.google.com/drive/folders/1Osuj9KAf7mshZ1WpXmxpBYemCDSz4YuV?usp=drive_link,link,,criativo;ia,
Retiro Caixa 10x 01/2025,2025-01-01,Materiais Retiro Caixa 10x 01/2025,https://drive.google.com/drive/folders/1Hl8Fe5FcAa7uwmoaSYGxgFQ4kKV5bfr0?usp=sharing,link,,retiro;caixa-10x,
Fluxo Copia e Cola - 2/25,2025-02-01,Materiais Fluxo Copia e Cola - 2/25,https://drive.google.com/drive/folders/1j-y44grCyKUbFKwYuFdiFTZT3zQMZZzV?usp=sharing,link,,copia-e-cola,
Retiro Black Friday 2025,2025-11-01,Materiais Retiro Black Friday 2025,https://drive.google.com/drive/folders/1GZCcnvz93zIZl1G2q1llwH8NAFHpUt__,link,,retiro;black-friday,
Fluxo Festival 2025,2025-01-01,Materiais Fluxo Festival 2025,https://drive.google.com/drive/folders/1cP8pMqRKMXNkZLh-Fx_AGNHaRYb4dnG8?usp=sharing,link,,festival,
Retiro Upsell 2025,2025-01-01,Materiais Retiro Upsell 2025,https://drive.google.com/drive/folders/1CrDB_2942kV_5Eqgg57Wjd2mcCDjRjQ0?usp=sharing,link,,retiro;upsell,
Retiro Vendas no 1:1 2025,2025-01-01,Materiais Retiro Vendas no 1:1,https://drive.google.com/drive/folders/1rrdm-BhNcyhhCctJV-5V502jYn8ISjwF?usp=sharing,link,,retiro;vendas-1-1,
Retiro de Ano Novo 2026,2026-01-01,Materiais Retiro de Ano Novo,https://drive.google.com/drive/folders/1PQ1I0ZaFp-iiaGxIt6giVL8YWLJ6FY5h?usp=drive_link,link,,retiro;ano-novo,
Retiro de Automação e IA 2026,2026-01-01,Materiais Retiro de A&IA,https://drive.google.com/drive/folders/1CmTcA9ez7iuGXg4XSzq281wzJ248UG9V?usp=drive_link,link,,retiro;automacao-ia,
Fluxo CrIAtivo - 1/26,2026-01-01,Materiais Fluxo CrIAtivo 1/26,https://drive.google.com/drive/folders/15nQONmbogpSMoejDbJmfcFa6yWHUGGF0?usp=sharing,link,,criativo;ia,
Retiro de Clonagem do Especialista 2026,2026-01-01,Materiais Retiro de Clonagem de Especialista 2026,https://drive.google.com/drive/folders/1vi94n9BikKE1PtSbV0aF4SPoc3I_gJdl?usp=drive_link,link,,retiro;clonagem,
Fluxo Festival 2026,2026-01-01,Materiais Fluxo Festival 2026,https://drive.google.com/drive/folders/10lL2Ga6FgS9XhOovLX92eTuQkwr7lSzG?usp=sharing,link,,festival,
Desafio Puro Lucro,,Desafio Puro Lucro,https://drive.google.com/drive/u/1/folders/1Fh5cncRse9C7QR2buvPm2z48Anjm-Jn1,link,,puro-lucro;desafio,
Retiro Ultra Black Friday 2026,2026-11-01,Materiais Retiro Ultra Black Friday 2026,https://drive.google.com/drive/folders/1OIyL3mfOVvibUrHPuqTyOuDski8NVCTK?usp=sharing,link,,retiro;black-friday;ultra,
